Employee_ID,First_Name,Last_Name,Gender,Salary,Designation,Country,Birth_Date,Hire_Date
120102,Tom,Zhou,M,108255,Sales Manager,AU,11-Aug-73,6/1/1993
120103,Wilson,Dawes,M,87975,Sales Manager,AU,22-Jan-53,1/1/1978
120121,Irenie,Elvish,F,26600,Sales Rep. II,AU,2-Aug-48,1/1/1978
120122,Christina,Ngan,F,27475,Sales Rep. II,AU,27-Jul-58,7/1/1982
120123,Kimiko,Hotstone,F,26190,Sales Rep. I,AU,28-Sep-68,10/1/1989
120124,Lucian,Daymond,M,26480,Sales Rep. I,AU,13-May-63,3/1/1983
120125,Fong,Hofmeister,M,32040,Sales Rep. IV,AU,6-Dec-58,3/1/1983
120126,Satyakam,Denny,M,26780,Sales Rep. II,AU,20-Sep-92,8/1/2010
120127,Sharryn,Clarkson,F,28100,Sales Rep. II,AU,4-Jan-83,11/1/2002
120128,Monica,Kletschkus,F,30890,Sales Rep. IV,AU,14-Jul-90,11/1/2010
120129,Alvin,Roebuck,M,30070,Sales Rep. III,AU,22-Nov-68,10/1/1989
120130,Kevin,Lyon,M,26955,Sales Rep. I,AU,14-Dec-88,5/1/2010
120131,Marinus,Surawski,M,26910,Sales Rep. I,AU,25-Sep-83,1/1/2007
120132,Fancine,Kaiser,F,28525,Sales Rep. III,AU,5-Apr-53,10/1/1982
120133,Petrea,Soltau,F,27440,Sales Rep. II,AU,22-Apr-90,10/1/2010
120134,Sian,Shannan,M,28015,Sales Rep. II,AU,6-Jun-53,1/1/1978
120135,Alexei,Platts,M,32490,Sales Rep. IV,AU,26-Jan-73,10/1/2001
120136,Atul,Leyden,M,26605,Sales Rep. I,AU,16-Sep-83,2/1/2007
120137,Marina,Iyengar,F,29715,Sales Rep. III,AU,12-Mar-83,3/1/2010
120138,Shani,Duckett,F,25795,Sales Rep. I,AU,11-Jul-83,7/1/2010
120139,Fang,Wilson,F,26810,Sales Rep. II,AU,18-Aug-90,9/1/2010
120140,Michael,Minas,M,26970,Sales Rep. I,AU,3-Aug-92,10/1/2010
120141,Amanda,Liebman,F,27465,Sales Rep. II,AU,12-Mar-92,5/1/2010
120142,Vincent,Eastley,M,29695,Sales Rep. III,AU,14-Jun-90,7/1/2010
120143,Phu,Sloey,M,26790,Sales Rep. II,AU,17-May-63,10/1/1986
120144,Viney,Barbis,M,30265,Sales Rep. III,AU,7-Mar-90,10/1/2010
120145,Sandy,Aisbitt,M,26060,Sales Rep. II,AU,22-Jan-68,6/1/1989
120146,Wendall,Cederlund,M,25985,Sales Rep. I,AU,2-Oct-63,8/1/1984
120147,Skev,Rusli,F,26580,Sales Rep. II,AU,19-Jan-92,10/1/2010
120148,Michael,Zubak,M,28480,Sales Rep. III,AU,13-Sep-53,6/1/1982
120149,Judy,Chantharasy,F,26390,Sales Rep. I,AU,21-Nov-78,1/1/1997
120150,John,Filo,M,29965,Sales Rep. III,AU,9-Jul-58,8/1/1986
120151,Julianna,Phaiyakounh,F,26520,Sales Rep. II,AU,21-Nov-48,1/1/1978
120152,Sean,Dives,M,26515,Sales Rep. I,AU,1-May-83,4/1/2009
120153,Samantha,Waal,F,27260,Sales Rep. I,AU,7-May-83,1/1/2002
120154,Caterina,Hayawardhana,F,30490,Sales Rep. III,AU,20-Jul-48,1/1/1978
120155,Narelle,James,F,29990,Sales Rep. III,AU,22-Apr-88,4/1/2010
120156,Gerry,Snellings,F,26445,Sales Rep. I,AU,1-Sep-92,3/1/2010
120157,Leonid,Karavdic,M,27860,Sales Rep. II,AU,21-Feb-90,12/1/2010
120158,Daniel,Pilgrim,M,36605,Sales Rep. III,AU,14-Jul-68,7/1/1991
120159,Lynelle,Phoumirath,F,30765,Sales Rep. IV,AU,24-Feb-68,7/1/1990
120160,Chuck,Segrave,M,27115,Sales Rep. I,AU,9-Sep-58,10/1/1978
120161,Rosette,Martines,F,30785,Sales Rep. III,AU,7-Mar-92,10/1/2010
120162,Randal,Scordia,M,27215,Sales Rep. I,AU,5-Sep-92,2/1/2010
120163,Brett,Magrath,M,26735,Sales Rep. II,AU,22-May-68,1/1/1995
120164,Ranj,Stamalis,F,27450,Sales Rep. II,AU,26-Nov-63,2/1/1986
120165,Tadashi,Pretorius,M,27050,Sales Rep. I,AU,19-Mar-88,3/1/2010
120166,Fadi,Nowd,M,30660,Sales Rep. IV,AU,14-Jun-48,1/1/1978
120167,Kimiko,Tilley,F,25185,Sales Rep. I,AU,4-May-58,2/1/1978
120168,Selina,Barcoe,F,25275,Sales Rep. I,AU,24-Mar-88,11/1/2010
120169,Cos,Tannous,M,28135,Sales Rep. III,AU,2-Jan-88,5/1/2010
120170,Alban,Kingston,M,28830,Sales Rep. III,AU,25-Feb-78,10/1/1996
120171,Alena,Moody,F,26205,Sales Rep. II,AU,19-Jul-88,9/1/2010
120172,Edwin,Comber,M,28345,Sales Rep. III,AU,1-Apr-48,1/1/1978
120173,Hernani,Osborn,M,26715,Sales Rep. I,AU,23-Feb-58,6/1/1981
120174,Doungkamol,Simms,F,26850,Sales Rep. I,AU,10-Jan-48,1/1/1978
120175,Andrew,Conolly,M,25745,Sales Rep. I,AU,18-Aug-92,10/1/2010
120176,Koavea,Pa,M,26095,Sales Rep. I,AU,9-Nov-90,11/1/2010
120177,Franca,Kierce,F,28745,Sales Rep. III,AU,5-Apr-83,2/1/2002
120178,Billy,Plested,M,26165,Sales Rep. II,AU,23-Nov-58,4/1/1978
120179,Matsuoka,Wills,M,28510,Sales Rep. III,AU,15-Mar-78,1/1/2008
120180,Vino,George,M,26970,Sales Rep. II,AU,27-Jun-58,12/1/1982
120198,Meera,Body,F,28025,Sales Rep. III,AU,21-Jan-92,12/1/2010
120261,Harry,Highpoint,M,243190,Chief Sales Officer,US,21-Feb-73,8/1/1991
121018,Julienne,Magolan,F,27560,Sales Rep. II,US,3-Jan-48,1/1/1978
121019,Scott,Desanctis,M,31320,Sales Rep. IV,US,25-Jun-90,6/1/2008
121020,Cherda,Ridley,F,31750,Sales Rep. IV,US,23-Feb-88,5/1/2006
121021,Priscilla,Farren,F,32985,Sales Rep. IV,US,10-Dec-78,3/1/1998
121022,Robert,Stevens,M,32210,Sales Rep. IV,US,28-Oct-83,2/1/2006
121023,Shawn,Fuller,M,26010,Sales Rep. I,US,13-Mar-68,5/1/1993
121024,Michael,Westlund,M,26600,Sales Rep. II,US,21-Sep-88,5/1/2008
121025,Barnaby,Cassey,M,28295,Sales Rep. II,US,10-Oct-53,9/1/1979
121026,Terrill,Jaime,M,31515,Sales Rep. IV,US,8-Nov-90,4/1/2010
121027,Allan,Rudder,M,26165,Sales Rep. II,US,5-May-68,12/1/1993
121028,William,Smades,M,26585,Sales Rep. I,US,27-Apr-92,11/1/2010
121029,Kuo-Chung,Mcelwee,M,27225,Sales Rep. I,US,22-Dec-68,12/1/1993
121030,Jeryl,Areu,M,26745,Sales Rep. I,US,12-Nov-83,2/1/2005
121031,Scott,Filan,M,28060,Sales Rep. III,US,9-Jul-68,8/1/1989
121032,Nasim,Smith,M,31335,Sales Rep. IV,US,24-Feb-92,3/1/2010
121033,Kristie,Snitzer,F,29775,Sales Rep. III,US,6-Nov-90,6/1/2008
121034,John,Kirkman,M,27110,Sales Rep. II,US,23-Aug-92,1/1/2011
121035,James,Blackley,M,26460,Sales Rep. II,US,25-Mar-48,1/1/1978
121036,Teresa,Mesley,F,25965,Sales Rep. I,US,18-Jul-92,10/1/2007
121037,Muthukumar,Miketa,M,28310,Sales Rep. III,US,12-Jun-78,3/1/2006
121038,David,Anstey,M,25285,Sales Rep. I,US,13-Feb-92,8/1/2010
121039,Donald,Washington,M,27460,Sales Rep. II,US,3-Jun-58,5/1/1984
121040,Brienne,Darrohn,F,29525,Sales Rep. III,US,6-Jul-63,11/1/1986
121041,Jaime,Wetherington,F,26120,Sales Rep. II,US,4-Feb-48,1/1/1978
121042,Joseph,Robbin-Coker,M,28845,Sales Rep. III,US,4-Apr-83,11/1/2003
121043,Sigrid,Kagarise,F,28225,Sales Rep. II,US,9-Nov-73,3/1/1996
121044,Ray,Abbott,M,25660,Sales Rep. I,US,11-Dec-58,8/1/1979
121045,Cascile,Hampton,F,28560,Sales Rep. II,US,13-Jun-68,1/1/1998
121046,Roger,Mandzak,M,25845,Sales Rep. I,US,7-Sep-88,7/1/2010
121047,Karen,Grzebien,F,25820,Sales Rep. I,US,26-Nov-83,9/1/2010
121048,Lawrie,Clark,F,26560,Sales Rep. I,US,24-Jun-88,9/1/2010
121049,Perrior,Bataineh,F,26930,Sales Rep. I,US,14-Feb-90,12/1/2010
121050,Patricia,Capristo-Abramczyk,F,26080,Sales Rep. II,US,12-Jan-90,12/1/2010
121051,Glorina,Myers,F,26025,Sales Rep. I,US,2-May-53,11/1/1982
121052,Richard,Fay,M,26900,Sales Rep. II,US,9-Jan-90,11/1/2010
121053,Tywanna,Mcdade,F,29955,Sales Rep. III,US,23-Sep-48,2/1/1978
121054,Daniel,Pulliam,M,29805,Sales Rep. III,US,12-Nov-58,11/1/1980
121055,Clement,Davis,M,30185,Sales Rep. III,US,8-Jan-92,8/1/2010
121056,Stacey,Lyszyk,F,28325,Sales Rep. II,US,5-Jul-88,5/1/2007
121057,Tachaun,Voron,M,25125,Sales Rep. I,US,26-Dec-63,12/1/1984
121058,Del,Kohake,M,26270,Sales Rep. I,US,12-Jul-78,10/1/2006
121059,Jacqulin,Carhide,F,27425,Sales Rep. II,US,25-Oct-63,4/1/1985
121060,Elizabeth,Spofford,F,28800,Sales Rep. III,US,8-Jun-48,1/1/1978
121061,Lauris,Hassam,M,29815,Sales Rep. III,US,16-Jul-58,7/1/1988
121062,Debra,Armant,F,30305,Sales Rep. IV,US,28-Oct-88,8/1/2010
121063,Regi,Kinol,M,35990,Sales Rep. II,US,27-Jul-83,8/1/2009
121064,Asishana,Polky,M,25110,Sales Rep. I,US,28-Jan-68,9/1/1995
121065,Corneille,Malta,F,28040,Sales Rep. III,US,5-Sep-88,4/1/2010
121066,Ceresh,Norman,F,27250,Sales Rep. II,US,23-Aug-48,1/1/1978
121067,Jeanilla,Macnair,F,31865,Sales Rep. IV,US,18-Jan-90,3/1/2010
121068,Salaheloin,Osuba,M,27550,Sales Rep. II,US,2-Dec-73,9/1/1996
121069,Jason,Lapsley,M,26195,Sales Rep. II,US,19-Mar-73,10/1/1994
121070,Agnieszka,Holthouse,F,29385,Sales Rep. III,US,4-Nov-88,2/1/2010
121071,John,Hoppmann,M,28625,Sales Rep. III,US,10-Sep-63,9/1/1981
121072,Christer,North,M,26105,Sales Rep. I,US,10-Jan-83,9/1/2008
121073,Donald,Court,M,27100,Sales Rep. I,US,15-May-53,1/1/1978
121074,Eric,Michonski,M,26990,Sales Rep. I,US,1-Mar-63,10/1/1992
121075,Kasha,Sugg,F,28395,Sales Rep. II,US,23-Dec-48,1/1/1978
121076,Micah,Cobb,M,26685,Sales Rep. II,US,9-Oct-68,1/1/1987
121077,Bryce,Smotherly,M,28585,Sales Rep. III,US,5-Sep-88,10/1/2010
121078,Lionel,Wende,M,27485,Sales Rep. I,US,1-May-53,11/1/1982
121079,Azmi,Mees,M,25770,Sales Rep. I,US,3-Jun-78,11/1/2001
121080,Kumar,Chinnis,M,32235,Sales Rep. I,US,24-Jan-63,9/1/1991
121081,Susie,Knudson,F,30235,Sales Rep. III,US,28-Mar-53,4/1/1980
121082,Richard,Debank,M,28510,Sales Rep. III,US,5-Jul-53,10/1/1981
121083,Tingmei,Sutton,F,27245,Sales Rep. I,US,11-Mar-63,3/1/1983
121084,Tulsidas,Ould,M,22710,Sales Rep. I,US,16-Aug-68,1/1/1995
121085,Rebecca,Huslage,M,32235,Sales Rep. IV,US,12-Nov-90,1/1/2011
121086,John-Michael,Plybon,M,26820,Sales Rep. I,US,16-Dec-48,1/1/1978
121087,Virtina,O'Suilleabhain,F,28325,Sales Rep. II,US,7-Dec-78,3/1/2003
121088,Momolu,Kernitzki,M,27240,Sales Rep. I,US,10-Jun-92,1/1/2011
121089,Gregory,Sauder,M,28095,Sales Rep. II,US,21-Aug-58,7/1/1978
121090,Betty,Klibbe,F,26600,Sales Rep. I,US,19-Jun-58,2/1/1984
121091,Ernest,Kadiri,M,27325,Sales Rep. II,US,19-Feb-73,1/1/1993
121092,Gynell,Pritt,F,25680,Sales Rep. I,US,8-Mar-78,8/1/2006
121093,Carl,Vasconcellos,M,27410,Sales Rep. I,US,18-Jul-68,1/1/1998
121094,Larry,Tate,M,26555,Sales Rep. I,US,7-Jan-58,9/1/1982
121095,Sara,Kratzke,F,28010,Sales Rep. II,US,14-Apr-73,7/1/1995
121096,Robert,Newstead,M,26335,Sales Rep. I,US,18-May-73,5/1/1999
121097,Willeta,Chernega,F,26830,Sales Rep. II,US,23-Oct-78,10/1/1999
121098,Hal,Heatwole,M,27475,Sales Rep. I,US,22-Mar-92,5/1/2010
121099,Royall,Mrvichin,M,32725,Sales Rep. IV,US,19-Mar-83,5/1/2004
121100,Tzue-Ing,Cormell,M,28135,Sales Rep. II,US,27-Apr-53,4/1/1980
121101,Burnetta,Buckner,F,25390,Sales Rep. I,US,28-Aug-90,11/1/2010
121102,Rocheal,Flammia,F,27115,Sales Rep. I,US,26-Jun-83,6/1/2010
121103,Brian,Farnsworth,M,27260,Sales Rep. I,US,28-Apr-92,9/1/2010
121104,Leoma,Johnson,F,28315,Sales Rep. II,US,12-Nov-68,4/1/1990
121105,Jessica,Savacool,F,29545,Sales Rep. III,US,9-May-83,1/1/2007
121106,James,Hilburger,M,25880,Sales Rep. I,US,2-Feb-73,2/1/2000
121107,Rose,Anger,F,31380,Sales Rep. IV,US,24-Apr-90,7/1/2010
121108,Libby,Levi,F,25930,Sales Rep. I,US,4-Jul-92,11/1/2010
121109,Harold,Boulus,M,26035,Sales Rep. I,US,5-Nov-73,5/1/1994
121135,Tammy,Ruta,F,27010,Sales Rep. I,US,7-Jun-58,8/1/1978
121136,Lesia,Galarneau,F,27460,Sales Rep. I,US,15-Jul-78,12/1/2006
121137,Michael. R.,Boocks,M,27055,Sales Rep. I,US,18-Jan-92,4/1/2010
121138,Hershell,Tolley,M,27265,Sales Rep. I,US,28-Feb-53,1/1/1978
121139,Diosdado,Mckee,F,27700,Sales Rep. II,US,19-Aug-63,7/1/1991
121140,Saunders,Briggi,M,26335,Sales Rep. I,US,23-Jan-83,4/1/2005
121143,Louis,Favaron,M,95090,Senior Sales Manager,US,26-Nov-73,7/1/2001
121144,Renee,Capachietti,F,83505,Sales Manager,US,28-Jun-68,11/1/1995
121145,Dennis,Lansberry,M,84260,Sales Manager,US,22-Nov-53,4/1/1980